[
{
  "model": "accounts.user",
  "pk": 3,
  "fields": {
    "password": "pbkdf2_sha256$260000$fkBI3fKKkrtJs8Ax4ise5d$fOlgrKJUyBiNi7nYD0iefEvxm5tnIu5WL01+hQ0lK7c=",
    "last_login": "2022-04-10T20:46:51.972Z",
    "is_superuser": true,
    "username": "user1",
    "is_staff": true,
    "date_joined": "2020-05-08T07:27:32.776Z",
    "is_active": true,
    "email": "manager@uniticket.it",
    "identificativo_dipendente": "999999",
    "identificativo_utente": "111111",
    "first_name": "Manager",
    "last_name": "Test",
    "taxpayer_id": "AAABBB11C22D333E",
    "email_notify": true,
    "groups": [],
    "user_permissions": []
  }
},
{
  "model": "accounts.user",
  "pk": 4,
  "fields": {
    "password": "pbkdf2_sha256$216000$sYQMxffPUS78$3o0sfiG+RilEgn/8mmgtS7bXh88DZjREQEQaNX729FI=",
    "last_login": null,
    "is_superuser": false,
    "username": "user2",
    "is_staff": false,
    "date_joined": "2020-05-08T07:27:44.081Z",
    "is_active": true,
    "email": "operator@uniticket.it",
    "identificativo_dipendente": "1111",
    "identificativo_utente": "2222",
    "first_name": "Operator",
    "last_name": "Test",
    "taxpayer_id": "AAABBB11C22D444E",
    "email_notify": true,
    "groups": [],
    "user_permissions": []
  }
},
{
  "model": "uni_ticket.ticketcategory",
  "pk": 3,
  "fields": {
    "date_start": null,
    "date_end": null,
    "created": "2020-05-08T07:30:02.759Z",
    "modified": "2022-04-11T11:02:23.178Z",
    "name": "Modello di richiesta di test",
    "slug": "modello-di-richiesta-di-test",
    "description": "Descrizione del modulo e delle sue finalità",
    "organizational_structure": 10,
    "organizational_office": 37,
    "is_active": true,
    "not_available_message": null,
    "show_heading_text": true,
    "allow_anonymous": false,
    "allow_guest": true,
    "allow_user": true,
    "allow_employee": true,
    "is_notification": false,
    "confirm_message_text": "",
    "footer_text": "",
    "receive_email": false,
    "protocol_required": false,
    "user_multiple_open_tickets": true,
    "allowed_users": []
  }
},
{
  "model": "uni_ticket.ticketcategorymodule",
  "pk": 3,
  "fields": {
    "name": "Module 1",
    "ticket_category": 3,
    "created": "2020-05-08T07:30:10.034Z",
    "is_active": true
  }
},
{
  "model": "uni_ticket.ticketcategorymodule",
  "pk": 4,
  "fields": {
    "name": "ciao",
    "ticket_category": 3,
    "created": "2022-04-06T17:00:57.139Z",
    "is_active": false
  }
},
{
  "model": "uni_ticket.ticketcategorymodule",
  "pk": 5,
  "fields": {
    "name": "Modulo esteso",
    "ticket_category": 3,
    "created": "2022-04-11T11:02:38.418Z",
    "is_active": false
  }
},
{
  "model": "uni_ticket.ticketcategoryinputlist",
  "pk": 1,
  "fields": {
    "name": "Custom field multi-choice",
    "field_type": "MultiCheckBoxField",
    "valore": "value1;value2;value3",
    "is_required": true,
    "aiuto": "Help-test field",
    "pre_text": "",
    "ordinamento": 0,
    "category_module": 3
  }
},
{
  "model": "uni_ticket.ticketcategoryinputlist",
  "pk": 2,
  "fields": {
    "name": "allegato di test",
    "field_type": "CustomFileField",
    "valore": "",
    "is_required": true,
    "aiuto": "un allegato di test",
    "pre_text": "",
    "ordinamento": 100,
    "category_module": 5
  }
},
{
  "model": "uni_ticket.ticketcategoryinputlist",
  "pk": 3,
  "fields": {
    "name": "selezione di una scelta",
    "field_type": "CheckBoxField",
    "valore": "\"opzione 1;opzione 2;opzione 3\"",
    "is_required": true,
    "aiuto": "",
    "pre_text": "",
    "ordinamento": 50,
    "category_module": 5
  }
},
{
  "model": "uni_ticket.ticketcategoryinputlist",
  "pk": 4,
  "fields": {
    "name": "data di riferimento",
    "field_type": "BaseDateField",
    "valore": "",
    "is_required": true,
    "aiuto": "",
    "pre_text": "",
    "ordinamento": 10,
    "category_module": 5
  }
},
{
  "model": "uni_ticket.ticketcategoryinputlist",
  "pk": 5,
  "fields": {
    "name": "data e ora con campi separati",
    "field_type": "BaseDateTimeField",
    "valore": "",
    "is_required": true,
    "aiuto": "",
    "pre_text": "",
    "ordinamento": 40,
    "category_module": 5
  }
},
{
  "model": "uni_ticket.ticketcategoryinputlist",
  "pk": 6,
  "fields": {
    "name": "data e ora con inserimento singolo",
    "field_type": "DateStartEndComplexField",
    "valore": "",
    "is_required": true,
    "aiuto": "",
    "pre_text": "",
    "ordinamento": 30,
    "category_module": 5
  }
},
{
  "model": "uni_ticket.ticketcategoryinputlist",
  "pk": 7,
  "fields": {
    "name": "email",
    "field_type": "CustomEmailField",
    "valore": "",
    "is_required": true,
    "aiuto": "",
    "pre_text": "",
    "ordinamento": 20,
    "category_module": 5
  }
},
{
  "model": "uni_ticket.ticketcategoryinputlist",
  "pk": 8,
  "fields": {
    "name": "indirizzo ip",
    "field_type": "CustomIPField",
    "valore": "",
    "is_required": true,
    "aiuto": "",
    "pre_text": "",
    "ordinamento": 81,
    "category_module": 5
  }
},
{
  "model": "uni_ticket.ticketcategoryinputlist",
  "pk": 9,
  "fields": {
    "name": "MAC Address",
    "field_type": "CustomMACField",
    "valore": "",
    "is_required": true,
    "aiuto": "",
    "pre_text": "",
    "ordinamento": 80,
    "category_module": 5
  }
},
{
  "model": "uni_ticket.ticketcategoryinputlist",
  "pk": 10,
  "fields": {
    "name": "numero con virgola positivo",
    "field_type": "PositiveFloatField",
    "valore": "",
    "is_required": true,
    "aiuto": "",
    "pre_text": "",
    "ordinamento": 70,
    "category_module": 5
  }
},
{
  "model": "uni_ticket.ticketcategoryinputlist",
  "pk": 11,
  "fields": {
    "name": "numero intero positivo",
    "field_type": "PositiveIntegerField",
    "valore": "",
    "is_required": true,
    "aiuto": "",
    "pre_text": "",
    "ordinamento": 75,
    "category_module": 5
  }
},
{
  "model": "uni_ticket.ticketcategoryinputlist",
  "pk": 12,
  "fields": {
    "name": "testo ad inserimento libero",
    "field_type": "CustomCharField",
    "valore": "",
    "is_required": true,
    "aiuto": "",
    "pre_text": "",
    "ordinamento": 85,
    "category_module": 5
  }
},
{
  "model": "uni_ticket.ticketcategoryinputlist",
  "pk": 13,
  "fields": {
    "name": "testo lungo ad inserimento libero",
    "field_type": "TextAreaField",
    "valore": "",
    "is_required": true,
    "aiuto": "",
    "pre_text": "",
    "ordinamento": 90,
    "category_module": 5
  }
},
{
  "model": "uni_ticket.ticketcategoryinputlist",
  "pk": 14,
  "fields": {
    "name": "URL",
    "field_type": "CustomURLField",
    "valore": "",
    "is_required": true,
    "aiuto": "",
    "pre_text": "",
    "ordinamento": 12,
    "category_module": 5
  }
},
{
  "model": "uni_ticket.ticket",
  "pk": 5,
  "fields": {
    "modulo_compilato": "{\"custom_field_multi-choice\": [\"value1\", \"value3\"]}",
    "code": "btnEfzEVbSjCqTVNirkDu2",
    "subject": "Category 1",
    "description": "Category 1 description",
    "created": "2020-05-08T07:39:05.190Z",
    "created_by": 3,
    "compiled": null,
    "compiled_by": null,
    "input_module": 3,
    "is_closed": false,
    "closed_date": null,
    "closed_by": null,
    "closing_reason": null,
    "closing_status": null,
    "priority": 0,
    "is_notification": false,
    "protocol_number": "",
    "protocol_date": null
  }
},
{
  "model": "uni_ticket.ticket",
  "pk": 16,
  "fields": {
    "modulo_compilato": "{\"custom_field_multi-choice\": [\"value1\"]}",
    "code": "35c1bf185fd64fea854cb1f56db2604a",
    "subject": "that-thing",
    "description": "blah blah",
    "created": "2022-04-02T22:31:37.715Z",
    "created_by": 3,
    "compiled": null,
    "compiled_by": null,
    "input_module": 3,
    "is_closed": true,
    "closed_date": "2022-04-10T21:53:14.716Z",
    "closed_by": null,
    "closing_reason": "nessuna",
    "closing_status": null,
    "priority": 0,
    "is_notification": false,
    "protocol_number": "",
    "protocol_date": null
  }
},
{
  "model": "uni_ticket.ticket",
  "pk": 17,
  "fields": {
    "modulo_compilato": "{\"custom_field_multi-choice\": [\"value1\"]}",
    "code": "713622ec9e1549129cfbd736c8d08339",
    "subject": "that-thing",
    "description": "blah blah",
    "created": "2022-04-02T22:33:20.187Z",
    "created_by": 3,
    "compiled": null,
    "compiled_by": null,
    "input_module": 3,
    "is_closed": true,
    "closed_date": "2022-04-10T21:59:44.895Z",
    "closed_by": null,
    "closing_reason": "nessuna",
    "closing_status": null,
    "priority": 0,
    "is_notification": false,
    "protocol_number": "",
    "protocol_date": null
  }
},
{
  "model": "uni_ticket.ticket",
  "pk": 18,
  "fields": {
    "modulo_compilato": "{\"custom_field_multi-choice\": [\"value1\"]}",
    "code": "83014df81a1049f3819cad6776d8cb2d",
    "subject": "that-thing",
    "description": "blah blah",
    "created": "2022-04-02T22:51:58.214Z",
    "created_by": 3,
    "compiled": null,
    "compiled_by": null,
    "input_module": 3,
    "is_closed": false,
    "closed_date": null,
    "closed_by": null,
    "closing_reason": null,
    "closing_status": null,
    "priority": 0,
    "is_notification": false,
    "protocol_number": "",
    "protocol_date": null
  }
},
{
  "model": "uni_ticket.ticket",
  "pk": 19,
  "fields": {
    "modulo_compilato": "{\"custom_field_multi-choice\": [\"value1\"]}",
    "code": "f87c4880324944c9adeb51ddba55f656",
    "subject": "that-thing",
    "description": "blah blah",
    "created": "2022-04-02T22:52:51.483Z",
    "created_by": 3,
    "compiled": null,
    "compiled_by": null,
    "input_module": 3,
    "is_closed": false,
    "closed_date": null,
    "closed_by": null,
    "closing_reason": null,
    "closing_status": null,
    "priority": 0,
    "is_notification": false,
    "protocol_number": "",
    "protocol_date": null
  }
},
{
  "model": "uni_ticket.ticket",
  "pk": 20,
  "fields": {
    "modulo_compilato": "{\"custom_field_multi-choice\": [\"value1\"]}",
    "code": "49e0fe61add04e70aa81858d558bd111",
    "subject": "that-thing",
    "description": "blah blah",
    "created": "2022-04-02T22:53:28.673Z",
    "created_by": 3,
    "compiled": null,
    "compiled_by": null,
    "input_module": 3,
    "is_closed": true,
    "closed_date": "2022-04-03T12:41:48.936Z",
    "closed_by": null,
    "closing_reason": "ciao",
    "closing_status": null,
    "priority": 0,
    "is_notification": false,
    "protocol_number": "",
    "protocol_date": null
  }
},
{
  "model": "uni_ticket.ticket",
  "pk": 21,
  "fields": {
    "modulo_compilato": "{\"custom_field_multi-choice\": [\"value1\"]}",
    "code": "0dfb628063924a2db02c7e0601e66ffb",
    "subject": "ciao",
    "description": "olaaaaaa",
    "created": "2022-04-02T23:26:51.854Z",
    "created_by": 3,
    "compiled": null,
    "compiled_by": null,
    "input_module": 3,
    "is_closed": false,
    "closed_date": null,
    "closed_by": null,
    "closing_reason": null,
    "closing_status": null,
    "priority": 0,
    "is_notification": false,
    "protocol_number": "",
    "protocol_date": null
  }
},
{
  "model": "uni_ticket.ticket",
  "pk": 22,
  "fields": {
    "modulo_compilato": "{\"custom_field_multi-choice\": [\"value2\"]}",
    "code": "dce6915f0b0645c3933b1c8222ed30eb",
    "subject": "nome test",
    "description": "descrizione 1",
    "created": "2022-04-06T16:02:52.456Z",
    "created_by": 3,
    "compiled": null,
    "compiled_by": null,
    "input_module": 3,
    "is_closed": false,
    "closed_date": null,
    "closed_by": null,
    "closing_reason": null,
    "closing_status": null,
    "priority": 0,
    "is_notification": false,
    "protocol_number": "",
    "protocol_date": null
  }
},
{
  "model": "uni_ticket.ticket",
  "pk": 23,
  "fields": {
    "modulo_compilato": "{\"custom_field_multi-choice\": [\"value2\"]}",
    "code": "ee147c95a70b48a8b13106603636f445",
    "subject": "speriamo di no",
    "description": "descrizione 345345",
    "created": "2022-04-06T16:42:26.820Z",
    "created_by": 3,
    "compiled": null,
    "compiled_by": null,
    "input_module": 3,
    "is_closed": false,
    "closed_date": null,
    "closed_by": null,
    "closing_reason": null,
    "closing_status": null,
    "priority": 0,
    "is_notification": false,
    "protocol_number": "",
    "protocol_date": null
  }
},
{
  "model": "uni_ticket.ticket",
  "pk": 24,
  "fields": {
    "modulo_compilato": "{\"custom_field_multi-choice\": [\"value2\"]}",
    "code": "9f27e6bd8dc84208a2632a4a8c6ff1ca",
    "subject": "speriamo di no",
    "description": "descrizione 345345",
    "created": "2022-04-06T20:17:09.848Z",
    "created_by": 3,
    "compiled": null,
    "compiled_by": null,
    "input_module": 3,
    "is_closed": false,
    "closed_date": null,
    "closed_by": null,
    "closing_reason": null,
    "closing_status": null,
    "priority": 0,
    "is_notification": false,
    "protocol_number": "",
    "protocol_date": null
  }
},
{
  "model": "uni_ticket.ticketassignment",
  "pk": 5,
  "fields": {
    "created": "2020-05-08T07:39:05.208Z",
    "modified": "2020-05-08T07:39:05.208Z",
    "ticket": 5,
    "office": 37,
    "note": null,
    "assigned_by": null,
    "taken_date": null,
    "taken_by": null,
    "follow": true,
    "readonly": false
  }
},
{
  "model": "uni_ticket.ticketassignment",
  "pk": 15,
  "fields": {
    "created": "2022-04-02T22:31:37.729Z",
    "modified": "2022-04-02T22:31:37.729Z",
    "ticket": 16,
    "office": 37,
    "note": null,
    "assigned_by": null,
    "taken_date": null,
    "taken_by": null,
    "follow": true,
    "readonly": false
  }
},
{
  "model": "uni_ticket.ticketassignment",
  "pk": 16,
  "fields": {
    "created": "2022-04-02T22:33:20.200Z",
    "modified": "2022-04-02T22:33:20.200Z",
    "ticket": 17,
    "office": 37,
    "note": null,
    "assigned_by": null,
    "taken_date": null,
    "taken_by": null,
    "follow": true,
    "readonly": false
  }
},
{
  "model": "uni_ticket.ticketassignment",
  "pk": 17,
  "fields": {
    "created": "2022-04-02T22:51:58.249Z",
    "modified": "2022-04-02T22:51:58.249Z",
    "ticket": 18,
    "office": 37,
    "note": null,
    "assigned_by": null,
    "taken_date": null,
    "taken_by": null,
    "follow": true,
    "readonly": false
  }
},
{
  "model": "uni_ticket.ticketassignment",
  "pk": 18,
  "fields": {
    "created": "2022-04-02T22:52:51.497Z",
    "modified": "2022-04-02T22:52:51.497Z",
    "ticket": 19,
    "office": 37,
    "note": null,
    "assigned_by": null,
    "taken_date": null,
    "taken_by": null,
    "follow": true,
    "readonly": false
  }
},
{
  "model": "uni_ticket.ticketassignment",
  "pk": 19,
  "fields": {
    "created": "2022-04-02T22:53:28.684Z",
    "modified": "2022-04-02T22:53:28.684Z",
    "ticket": 20,
    "office": 37,
    "note": null,
    "assigned_by": null,
    "taken_date": null,
    "taken_by": null,
    "follow": true,
    "readonly": false
  }
},
{
  "model": "uni_ticket.ticketassignment",
  "pk": 20,
  "fields": {
    "created": "2022-04-02T23:26:51.869Z",
    "modified": "2022-04-02T23:26:51.869Z",
    "ticket": 21,
    "office": 37,
    "note": null,
    "assigned_by": null,
    "taken_date": null,
    "taken_by": null,
    "follow": true,
    "readonly": false
  }
},
{
  "model": "uni_ticket.ticketassignment",
  "pk": 21,
  "fields": {
    "created": "2022-04-06T16:02:52.471Z",
    "modified": "2022-04-06T16:02:52.471Z",
    "ticket": 22,
    "office": 37,
    "note": null,
    "assigned_by": null,
    "taken_date": null,
    "taken_by": null,
    "follow": true,
    "readonly": false
  }
},
{
  "model": "uni_ticket.ticketassignment",
  "pk": 22,
  "fields": {
    "created": "2022-04-06T16:42:26.834Z",
    "modified": "2022-04-06T16:42:26.834Z",
    "ticket": 23,
    "office": 37,
    "note": null,
    "assigned_by": null,
    "taken_date": null,
    "taken_by": null,
    "follow": true,
    "readonly": false
  }
},
{
  "model": "uni_ticket.ticketassignment",
  "pk": 23,
  "fields": {
    "created": "2022-04-06T20:17:09.863Z",
    "modified": "2022-04-06T20:17:43.970Z",
    "ticket": 24,
    "office": 37,
    "note": null,
    "assigned_by": 3,
    "taken_date": "2022-04-06T20:17:43.970Z",
    "taken_by": 4,
    "follow": true,
    "readonly": false
  }
},
{
  "model": "uni_ticket.ticketcategorycondition",
  "pk": 1,
  "fields": {
    "category": 3,
    "title": "Privacy policy",
    "text": "Sed ut perspiciatis unde omnis iste natus error sit voluptatem accusantium doloremque laudantium, totam rem aperiam, eaque ipsa quae ab illo inventore veritatis et quasi architecto beatae vitae dicta sunt explicabo. Nemo enim ipsam voluptatem quia voluptas sit aspernatur aut odit aut fugit, sed quia consequuntur magni dolores eos qui ratione voluptatem sequi nesciunt. Neque porro quisquam est, qui dolorem ipsum quia dolor sit amet, consectetur, adipisci velit, sed quia non numquam eius modi tempora incidunt ut labore et dolore magnam aliquam quaerat voluptatem. Ut enim ad minima veniam, quis nostrum exercitationem ullam corporis suscipit laboriosam, nisi ut aliquid ex ea commodi consequatur? Quis autem vel eum iure reprehenderit qui in ea voluptate velit esse quam nihil molestiae consequatur, vel illum qui dolorem eum fugiat quo voluptas nulla pariatur?",
    "ordinamento": 0,
    "attachment": "",
    "is_printable": false,
    "is_collapsable": true,
    "is_active": true
  }
},
{
  "model": "organizational_area.organizationalstructure",
  "pk": 10,
  "fields": {
    "name": "Structure 1",
    "slug": "structure-1",
    "unique_code": "structure-1",
    "structure_type": null,
    "description": "",
    "create_date": "2020-05-08T07:29:06.139Z",
    "banner": "",
    "url": null,
    "is_active": true
  }
},
{
  "model": "organizational_area.organizationalstructureoffice",
  "pk": 36,
  "fields": {
    "name": "Help-Desk",
    "slug": "help-desk",
    "organizational_structure": 10,
    "description": "Help-Desk Office",
    "is_default": true,
    "is_private": false,
    "is_active": true
  }
},
{
  "model": "organizational_area.organizationalstructureoffice",
  "pk": 37,
  "fields": {
    "name": "Office 1",
    "slug": "office-1",
    "organizational_structure": 10,
    "description": "Office for test purpose",
    "is_default": false,
    "is_private": false,
    "is_active": true
  }
},
{
  "model": "organizational_area.organizationalstructureofficeemployee",
  "pk": 4,
  "fields": {
    "employee": 3,
    "office": 36,
    "create_date": "2020-05-08T07:29:15.326Z",
    "description": ""
  }
},
{
  "model": "organizational_area.organizationalstructureofficeemployee",
  "pk": 5,
  "fields": {
    "employee": 4,
    "office": 37,
    "create_date": "2020-05-08T07:30:53.695Z",
    "description": ""
  }
},
{
  "model": "organizational_area.usermanageorganizationalstructure",
  "pk": 3,
  "fields": {
    "user": 3,
    "organizational_structure": 10
  }
}
]
